friendster_variance[1]_t0_DP_SAGE_nl8of8_cm0GB,SAGE,1024,256,16,4,"[10, 10, 10]",dryrun,0.0GB,cm0GB,0,0,0,0,7,20,268.62,14112.28,364.73,14745.63
"friendster_variance[0, 1, 2]_t0_NP_SAGE_nl8of8_cm0GB",SAGE,1024,256,16,4,"[10, 10, 10]",dryrun,0.0GB,cm0GB,0,0,0,0,7,20,413.63,10943.71,594.57,11951.92
"friendster_variance[0, 2]_t0_MP_SAGE_nl8of8_cm0GB",SAGE,1024,256,16,4,"[10, 10, 10]",dryrun,0.0GB,cm0GB,0,0,0,0,7,20,19855.85,12564.42,10112.57,42532.84
friendster_variance[1]_t0_DP_SAGE_nl8of8_cm1GB,SAGE,1024,256,16,4,"[10, 10, 10]",dryrun,1.0GB,cm1GB,1048576,268435456,0,0,7,20,263.64,13067.69,356.41,13687.74
"friendster_variance[0, 1]_t0_NP_SAGE_nl8of8_cm1GB",SAGE,1024,256,16,4,"[10, 10, 10]",dryrun,1.0GB,cm1GB,1048576,268435456,0,0,7,20,411.32,10199.94,574.8,11186.05
"friendster_variance[0, 2]_t0_MP_SAGE_nl8of8_cm1GB",SAGE,1024,256,16,4,"[10, 10, 10]",dryrun,1.0GB,cm1GB,33554432,8589934592,0,0,7,20,20255.48,686.51,10999.05,31941.04
friendster_variance[1]_t0_DP_SAGE_nl8of8_cm2GB,SAGE,1024,256,16,4,"[10, 10, 10]",dryrun,2.0GB,cm2GB,2097152,536870912,0,0,7,20,268.1,12409.63,357.92,13035.64
friendster_variance[1]_t0_NP_SAGE_nl8of8_cm2GB,SAGE,1024,256,16,4,"[10, 10, 10]",dryrun,2.0GB,cm2GB,2097152,536870912,0,0,7,20,386.19,10341.37,565.49,11293.06
"friendster_variance[0, 2]_t0_MP_SAGE_nl8of8_cm2GB",SAGE,1024,256,16,4,"[10, 10, 10]",dryrun,2.0GB,cm2GB,65608366,16795741696,0,0,7,20,19972.62,586.7,11274.31,31833.64
friendster_variance[1]_t0_DP_SAGE_nl8of8_cm3GB,SAGE,1024,256,16,4,"[10, 10, 10]",dryrun,3.0GB,cm3GB,3145728,805306368,0,0,7,20,265.69,13175.19,360.24,13801.11
"friendster_variance[1, 2]_t0_NP_SAGE_nl8of8_cm3GB",SAGE,1024,256,16,4,"[10, 10, 10]",dryrun,3.0GB,cm3GB,3145728,805306368,0,0,7,20,392.29,9969.86,621.61,10983.76
friendster_variance[2]_t0_MP_SAGE_nl8of8_cm3GB,SAGE,1024,256,16,4,"[10, 10, 10]",dryrun,3.0GB,cm3GB,65608366,16795741696,0,0,7,20,19370.53,589.69,11002.94,30963.17
friendster_variance[1]_t0_DP_SAGE_nl8of8_cm4GB,SAGE,1024,256,16,4,"[10, 10, 10]",dryrun,4.0GB,cm4GB,4194304,1073741824,0,0,7,20,269.51,13046.16,361.54,13677.21
friendster_variance[1]_t0_NP_SAGE_nl8of8_cm4GB,SAGE,1024,256,16,4,"[10, 10, 10]",dryrun,4.0GB,cm4GB,4194304,1073741824,0,0,7,20,390.96,10179.01,582.49,11152.45
"friendster_variance[0, 2]_t0_MP_SAGE_nl8of8_cm4GB",SAGE,1024,256,16,4,"[10, 10, 10]",dryrun,4.0GB,cm4GB,65608366,16795741696,0,0,7,20,19489.68,585.24,11611.88,31686.79
friendster_variance[1]_t0_DP_SAGE_nl8of8_cm5GB,SAGE,1024,256,16,4,"[10, 10, 10]",dryrun,5.0GB,cm5GB,5242880,1342177280,0,0,7,20,269.5,12183.61,372.59,12825.7
friendster_variance[1]_t0_NP_SAGE_nl8of8_cm5GB,SAGE,1024,256,16,4,"[10, 10, 10]",dryrun,5.0GB,cm5GB,5242880,1342177280,0,0,7,20,386.96,9535.59,575.43,10497.99
"friendster_variance[0, 2]_t0_MP_SAGE_nl8of8_cm5GB",SAGE,1024,256,16,4,"[10, 10, 10]",dryrun,5.0GB,cm5GB,65608366,16795741696,0,0,7,20,21439.05,586.82,10950.41,32976.27
friendster_variance[1]_t0_DP_SAGE_nl8of8_cm6GB,SAGE,1024,256,16,4,"[10, 10, 10]",dryrun,6.0GB,cm6GB,6291456,1610612736,0,0,7,20,264.53,12756.19,368.21,13388.94
"friendster_variance[1, 2]_t0_NP_SAGE_nl8of8_cm6GB",SAGE,1024,256,16,4,"[10, 10, 10]",dryrun,6.0GB,cm6GB,6291456,1610612736,0,0,7,20,388.41,9784.15,611.21,10783.77
"friendster_variance[0, 2]_t0_MP_SAGE_nl8of8_cm6GB",SAGE,1024,256,16,4,"[10, 10, 10]",dryrun,6.0GB,cm6GB,65608366,16795741696,0,0,7,20,20998.59,590.94,11561.5,33151.03
friendster_variance[1]_t0_DP_SAGE_nl8of8_cm7GB,SAGE,1024,256,16,4,"[10, 10, 10]",dryrun,7.0GB,cm7GB,7340032,1879048192,0,0,7,20,267.0,12612.45,364.3,13243.75
friendster_variance[1]_t0_NP_SAGE_nl8of8_cm7GB,SAGE,1024,256,16,4,"[10, 10, 10]",dryrun,7.0GB,cm7GB,7340032,1879048192,0,0,7,20,384.2,9757.43,573.86,10715.5
"friendster_variance[0, 2]_t0_MP_SAGE_nl8of8_cm7GB",SAGE,1024,256,16,4,"[10, 10, 10]",dryrun,7.0GB,cm7GB,65608366,16795741696,0,0,7,20,20704.87,588.4,11475.69,32768.96
friendster_variance[1]_t0_DP_SAGE_nl8of8_cm8GB,SAGE,1024,256,16,4,"[10, 10, 10]",dryrun,8.0GB,cm8GB,8388608,2147483648,0,0,7,20,269.21,12597.58,356.56,13223.35
"friendster_variance[0, 1]_t0_NP_SAGE_nl8of8_cm8GB",SAGE,1024,256,16,4,"[10, 10, 10]",dryrun,8.0GB,cm8GB,8388608,2147483648,0,0,7,20,431.84,9629.34,572.58,10633.76
"friendster_variance[0, 2]_t0_MP_SAGE_nl8of8_cm8GB",SAGE,1024,256,16,4,"[10, 10, 10]",dryrun,8.0GB,cm8GB,65608366,16795741696,0,0,7,20,20271.65,587.54,10480.39,31339.57
friendster_variance[1]_t0_DP_SAGE_nl12of8_cm0GB,SAGE,1024,256,16,4,"[10, 10, 10]",dryrun,0.0GB,cm0GB,0,0,0,0,7,20,262.44,7972.27,340.96,8575.67
"friendster_variance[1, 2]_t0_NP_SAGE_nl12of8_cm0GB",SAGE,1024,256,16,4,"[10, 10, 10]",dryrun,0.0GB,cm0GB,0,0,0,0,7,20,384.84,5524.41,581.23,6490.47
"friendster_variance[0, 2]_t0_MP_SAGE_nl12of8_cm0GB",SAGE,1024,256,16,4,"[10, 10, 10]",dryrun,0.0GB,cm0GB,0,0,0,0,7,20,20782.69,12542.85,10947.3,44272.85
friendster_t0_DP_SAGE_nl12of8_cm1GB,SAGE,1024,256,16,4,"[10, 10, 10]",dryrun,1.0GB,cm1GB,1048576,268435456,0,0,7,20,264.38,7933.82,336.77,8534.97
"friendster_variance[1, 2]_t0_NP_SAGE_nl12of8_cm1GB",SAGE,1024,256,16,4,"[10, 10, 10]",dryrun,1.0GB,cm1GB,1048576,268435456,0,0,7,20,390.59,1540.13,629.7,2560.42
"friendster_variance[0, 2]_t0_MP_SAGE_nl12of8_cm1GB",SAGE,1024,256,16,4,"[10, 10, 10]",dryrun,1.0GB,cm1GB,33554432,8589934592,0,0,7,20,20683.2,688.94,11690.3,33062.44
friendster_variance[1]_t0_DP_SAGE_nl12of8_cm2GB,SAGE,1024,256,16,4,"[10, 10, 10]",dryrun,2.0GB,cm2GB,2097152,536870912,0,0,7,20,264.18,8904.4,340.29,9508.87
friendster_variance[1]_t0_NP_SAGE_nl12of8_cm2GB,SAGE,1024,256,16,4,"[10, 10, 10]",dryrun,2.0GB,cm2GB,2097152,536870912,0,0,7,20,389.48,3970.32,558.81,4918.61
"friendster_variance[0, 2]_t0_MP_SAGE_nl12of8_cm2GB",SAGE,1024,256,16,4,"[10, 10, 10]",dryrun,2.0GB,cm2GB,65608366,16795741696,0,0,7,20,20498.81,584.84,10683.3,31766.95
friendster_t0_DP_SAGE_nl12of8_cm3GB,SAGE,1024,256,16,4,"[10, 10, 10]",dryrun,3.0GB,cm3GB,3145728,805306368,0,0,7,20,264.84,7454.04,342.63,8061.51
"friendster_variance[1, 2]_t0_NP_SAGE_nl12of8_cm3GB",SAGE,1024,256,16,4,"[10, 10, 10]",dryrun,3.0GB,cm3GB,3145728,805306368,0,0,7,20,379.95,4501.27,583.59,5464.81
"friendster_variance[0, 2]_t0_MP_SAGE_nl12of8_cm3GB",SAGE,1024,256,16,4,"[10, 10, 10]",dryrun,3.0GB,cm3GB,65608366,16795741696,0,0,7,20,20187.96,588.35,10706.18,31482.49
friendster_variance[1]_t0_DP_SAGE_nl12of8_cm4GB,SAGE,1024,256,16,4,"[10, 10, 10]",dryrun,4.0GB,cm4GB,4194304,1073741824,0,0,7,20,265.23,7443.18,346.3,8054.71
friendster_variance[1]_t0_NP_SAGE_nl12of8_cm4GB,SAGE,1024,256,16,4,"[10, 10, 10]",dryrun,4.0GB,cm4GB,4194304,1073741824,0,0,7,20,388.54,4447.89,557.9,5394.33
"friendster_variance[0, 2]_t0_MP_SAGE_nl12of8_cm4GB",SAGE,1024,256,16,4,"[10, 10, 10]",dryrun,4.0GB,cm4GB,65608366,16795741696,0,0,7,20,21262.83,590.72,11103.89,32957.45
friendster_t0_DP_SAGE_nl12of8_cm5GB,SAGE,1024,256,16,4,"[10, 10, 10]",dryrun,5.0GB,cm5GB,5242880,1342177280,0,0,7,20,265.71,7051.52,344.42,7661.66
friendster_variance[1]_t0_NP_SAGE_nl12of8_cm5GB,SAGE,1024,256,16,4,"[10, 10, 10]",dryrun,5.0GB,cm5GB,5242880,1342177280,0,0,7,20,382.2,4339.38,554.93,5276.52
"friendster_variance[0, 2]_t0_MP_SAGE_nl12of8_cm5GB",SAGE,1024,256,16,4,"[10, 10, 10]",dryrun,5.0GB,cm5GB,65608366,16795741696,0,0,7,20,20725.18,585.64,10507.89,31818.71
friendster_variance[1]_t0_DP_SAGE_nl12of8_cm6GB,SAGE,1024,256,16,4,"[10, 10, 10]",dryrun,6.0GB,cm6GB,6291456,1610612736,0,0,7,20,266.07,7343.03,349.3,7958.4
friendster_variance[1]_t0_NP_SAGE_nl12of8_cm6GB,SAGE,1024,256,16,4,"[10, 10, 10]",dryrun,6.0GB,cm6GB,6291456,1610612736,0,0,7,20,388.28,3673.4,561.26,4622.94
"friendster_variance[0, 2]_t0_MP_SAGE_nl12of8_cm6GB",SAGE,1024,256,16,4,"[10, 10, 10]",dryrun,6.0GB,cm6GB,65608366,16795741696,0,0,7,20,20476.71,586.72,11438.41,32501.85
friendster_variance[1]_t0_DP_SAGE_nl12of8_cm7GB,SAGE,1024,256,16,4,"[10, 10, 10]",dryrun,7.0GB,cm7GB,7340032,1879048192,0,0,7,20,266.44,6910.96,342.32,7519.72
"friendster_variance[1, 2]_t0_NP_SAGE_nl12of8_cm7GB",SAGE,1024,256,16,4,"[10, 10, 10]",dryrun,7.0GB,cm7GB,7340032,1879048192,0,0,7,20,390.35,4567.39,582.88,5540.62
"friendster_variance[0, 2]_t0_MP_SAGE_nl12of8_cm7GB",SAGE,1024,256,16,4,"[10, 10, 10]",dryrun,7.0GB,cm7GB,65608366,16795741696,0,0,7,20,21081.08,590.62,11366.6,33038.3
friendster_variance[1]_t0_DP_SAGE_nl12of8_cm8GB,SAGE,1024,256,16,4,"[10, 10, 10]",dryrun,8.0GB,cm8GB,8388608,2147483648,0,0,7,20,267.53,7466.07,346.27,8079.87
friendster_variance[1]_t0_NP_SAGE_nl12of8_cm8GB,SAGE,1024,256,16,4,"[10, 10, 10]",dryrun,8.0GB,cm8GB,8388608,2147483648,0,0,7,20,396.36,4210.59,560.45,5167.39
"friendster_variance[0, 2]_t0_MP_SAGE_nl12of8_cm8GB",SAGE,1024,256,16,4,"[10, 10, 10]",dryrun,8.0GB,cm8GB,65608366,16795741696,0,0,7,20,20050.98,587.06,11055.7,31693.74
friendster_variance[1]_t0_DP_SAGE_nl16of8_cm0GB,SAGE,1024,256,16,4,"[10, 10, 10]",dryrun,0.0GB,cm0GB,0,0,0,0,7,20,265.23,6427.28,333.89,7026.41
friendster_variance[2]_t0_NP_SAGE_nl16of8_cm0GB,SAGE,1024,256,16,4,"[10, 10, 10]",dryrun,0.0GB,cm0GB,0,0,0,0,7,20,392.0,2144.12,573.92,3110.03
"friendster_variance[0, 2]_t0_MP_SAGE_nl16of8_cm0GB",SAGE,1024,256,16,4,"[10, 10, 10]",dryrun,0.0GB,cm0GB,0,0,0,0,7,20,19202.89,12539.02,9978.97,41720.89
friendster_variance[1]_t0_DP_SAGE_nl16of8_cm1GB,SAGE,1024,256,16,4,"[10, 10, 10]",dryrun,1.0GB,cm1GB,1048576,268435456,0,0,7,20,263.22,5859.62,333.26,6456.1
friendster_t0_NP_SAGE_nl16of8_cm1GB,SAGE,1024,256,16,4,"[10, 10, 10]",dryrun,1.0GB,cm1GB,1048576,268435456,0,0,7,20,391.76,1227.72,533.57,2153.04
"friendster_variance[0, 2]_t0_MP_SAGE_nl16of8_cm1GB",SAGE,1024,256,16,4,"[10, 10, 10]",dryrun,1.0GB,cm1GB,33554432,8589934592,0,0,7,20,19506.38,686.03,11653.71,31846.11
friendster_variance[1]_t0_DP_SAGE_nl16of8_cm2GB,SAGE,1024,256,16,4,"[10, 10, 10]",dryrun,2.0GB,cm2GB,2097152,536870912,0,0,7,20,270.25,5534.04,341.52,6145.81
friendster_t0_NP_SAGE_nl16of8_cm2GB,SAGE,1024,256,16,4,"[10, 10, 10]",dryrun,2.0GB,cm2GB,2097152,536870912,0,0,7,20,389.08,976.76,540.75,1906.58
"friendster_variance[0, 2]_t0_MP_SAGE_nl16of8_cm2GB",SAGE,1024,256,16,4,"[10, 10, 10]",dryrun,2.0GB,cm2GB,65608366,16795741696,0,0,7,20,20678.12,585.76,11504.17,32768.05
friendster_variance[1]_t0_DP_SAGE_nl16of8_cm3GB,SAGE,1024,256,16,4,"[10, 10, 10]",dryrun,3.0GB,cm3GB,3145728,805306368,0,0,7,20,267.64,4684.22,336.28,5288.14
"friendster_variance[1, 2]_t0_NP_SAGE_nl16of8_cm3GB",SAGE,1024,256,16,4,"[10, 10, 10]",dryrun,3.0GB,cm3GB,3145728,805306368,0,0,7,20,389.82,863.83,572.97,1826.63
"friendster_variance[0, 2]_t0_MP_SAGE_nl16of8_cm3GB",SAGE,1024,256,16,4,"[10, 10, 10]",dryrun,3.0GB,cm3GB,65608366,16795741696,0,0,7,20,19864.1,588.03,10717.38,31169.51
friendster_variance[1]_t0_DP_SAGE_nl16of8_cm4GB,SAGE,1024,256,16,4,"[10, 10, 10]",dryrun,4.0GB,cm4GB,4194304,1073741824,0,0,7,20,268.03,4418.34,343.27,5029.64
friendster_variance[1]_t0_NP_SAGE_nl16of8_cm4GB,SAGE,1024,256,16,4,"[10, 10, 10]",dryrun,4.0GB,cm4GB,4194304,1073741824,0,0,7,20,389.42,758.0,537.16,1684.58
"friendster_variance[0, 2]_t0_MP_SAGE_nl16of8_cm4GB",SAGE,1024,256,16,4,"[10, 10, 10]",dryrun,4.0GB,cm4GB,65608366,16795741696,0,0,7,20,20921.79,587.49,11570.38,33079.66
friendster_variance[1]_t0_DP_SAGE_nl16of8_cm5GB,SAGE,1024,256,16,4,"[10, 10, 10]",dryrun,5.0GB,cm5GB,5242880,1342177280,0,0,7,20,268.8,5009.82,343.62,5622.24
"friendster_variance[1, 2]_t0_NP_SAGE_nl16of8_cm5GB",SAGE,1024,256,16,4,"[10, 10, 10]",dryrun,5.0GB,cm5GB,5242880,1342177280,0,0,7,20,389.55,711.31,573.55,1674.41
"friendster_variance[0, 2]_t0_MP_SAGE_nl16of8_cm5GB",SAGE,1024,256,16,4,"[10, 10, 10]",dryrun,5.0GB,cm5GB,65608366,16795741696,0,0,7,20,20926.26,584.93,11802.97,33314.17
friendster_variance[1]_t0_DP_SAGE_nl16of8_cm6GB,SAGE,1024,256,16,4,"[10, 10, 10]",dryrun,6.0GB,cm6GB,6291456,1610612736,0,0,7,20,268.52,4935.82,342.04,5546.38
friendster_variance[1]_t0_NP_SAGE_nl16of8_cm6GB,SAGE,1024,256,16,4,"[10, 10, 10]",dryrun,6.0GB,cm6GB,6291456,1610612736,0,0,7,20,385.35,682.5,545.76,1613.61
"friendster_variance[0, 2]_t0_MP_SAGE_nl16of8_cm6GB",SAGE,1024,256,16,4,"[10, 10, 10]",dryrun,6.0GB,cm6GB,65608366,16795741696,0,0,7,20,20217.57,588.77,10963.9,31770.23
friendster_variance[1]_t0_DP_SAGE_nl16of8_cm7GB,SAGE,1024,256,16,4,"[10, 10, 10]",dryrun,7.0GB,cm7GB,7340032,1879048192,0,0,7,20,270.21,4897.61,339.94,5507.77
friendster_variance[1]_t0_NP_SAGE_nl16of8_cm7GB,SAGE,1024,256,16,4,"[10, 10, 10]",dryrun,7.0GB,cm7GB,7340032,1879048192,0,0,7,20,390.17,680.59,551.37,1622.12
"friendster_variance[0, 2]_t0_MP_SAGE_nl16of8_cm7GB",SAGE,1024,256,16,4,"[10, 10, 10]",dryrun,7.0GB,cm7GB,65608366,16795741696,0,0,7,20,20376.87,587.61,10900.18,31864.67
friendster_variance[1]_t0_DP_SAGE_nl16of8_cm8GB,SAGE,1024,256,16,4,"[10, 10, 10]",dryrun,8.0GB,cm8GB,8388608,2147483648,0,0,7,20,270.31,5005.66,344.0,5619.97
friendster_variance[1]_t0_NP_SAGE_nl16of8_cm8GB,SAGE,1024,256,16,4,"[10, 10, 10]",dryrun,8.0GB,cm8GB,8388608,2147483648,0,0,7,20,391.23,834.23,539.58,1765.04
"friendster_variance[0, 2]_t0_MP_SAGE_nl16of8_cm8GB",SAGE,1024,256,16,4,"[10, 10, 10]",dryrun,8.0GB,cm8GB,65608366,16795741696,0,0,7,20,20050.7,586.93,11256.26,31893.89
friendster_variance[1]_t0_DP_SAGE_nl20of8_cm0GB,SAGE,1024,256,16,4,"[10, 10, 10]",dryrun,0.0GB,cm0GB,0,0,0,0,7,20,270.48,4345.18,340.19,4955.85
friendster_t0_NP_SAGE_nl20of8_cm0GB,SAGE,1024,256,16,4,"[10, 10, 10]",dryrun,0.0GB,cm0GB,0,0,0,0,7,20,390.12,2134.35,540.37,3064.84
"friendster_variance[0, 2]_t0_MP_SAGE_nl20of8_cm0GB",SAGE,1024,256,16,4,"[10, 10, 10]",dryrun,0.0GB,cm0GB,0,0,0,0,7,20,20350.56,12565.95,10083.86,43000.37
friendster_variance[1]_t0_DP_SAGE_nl20of8_cm1GB,SAGE,1024,256,16,4,"[10, 10, 10]",dryrun,1.0GB,cm1GB,1048576,268435456,0,0,7,20,263.9,4009.31,339.0,4612.21
friendster_variance[2]_t0_NP_SAGE_nl20of8_cm1GB,SAGE,1024,256,16,4,"[10, 10, 10]",dryrun,1.0GB,cm1GB,1048576,268435456,0,0,7,20,390.91,1218.6,578.16,2187.67
"friendster_variance[0, 2]_t0_MP_SAGE_nl20of8_cm1GB",SAGE,1024,256,16,4,"[10, 10, 10]",dryrun,1.0GB,cm1GB,33554432,8589934592,0,0,7,20,20443.46,687.29,11075.41,32206.17
friendster_variance[1]_t0_DP_SAGE_nl20of8_cm2GB,SAGE,1024,256,16,4,"[10, 10, 10]",dryrun,2.0GB,cm2GB,2097152,536870912,0,0,7,20,268.71,4315.16,339.69,4923.56
friendster_variance[1]_t0_NP_SAGE_nl20of8_cm2GB,SAGE,1024,256,16,4,"[10, 10, 10]",dryrun,2.0GB,cm2GB,2097152,536870912,0,0,7,20,396.51,976.41,540.37,1913.29
"friendster_variance[0, 2]_t0_MP_SAGE_nl20of8_cm2GB",SAGE,1024,256,16,4,"[10, 10, 10]",dryrun,2.0GB,cm2GB,65608366,16795741696,0,0,7,20,20154.68,587.61,11741.7,32484.0
friendster_variance[1]_t0_DP_SAGE_nl20of8_cm3GB,SAGE,1024,256,16,4,"[10, 10, 10]",dryrun,3.0GB,cm3GB,3145728,805306368,0,0,7,20,266.5,4476.57,340.12,5083.18
friendster_variance[2]_t0_NP_SAGE_nl20of8_cm3GB,SAGE,1024,256,16,4,"[10, 10, 10]",dryrun,3.0GB,cm3GB,3145728,805306368,0,0,7,20,395.63,822.29,565.67,1783.6
"friendster_variance[0, 2]_t0_MP_SAGE_nl20of8_cm3GB",SAGE,1024,256,16,4,"[10, 10, 10]",dryrun,3.0GB,cm3GB,65608366,16795741696,0,0,7,20,19578.35,586.63,11107.83,31272.8
friendster_variance[1]_t0_DP_SAGE_nl20of8_cm4GB,SAGE,1024,256,16,4,"[10, 10, 10]",dryrun,4.0GB,cm4GB,4194304,1073741824,0,0,7,20,263.39,5270.41,343.7,5877.5
"friendster_variance[1, 2]_t0_NP_SAGE_nl20of8_cm4GB",SAGE,1024,256,16,4,"[10, 10, 10]",dryrun,4.0GB,cm4GB,4194304,1073741824,0,0,7,20,391.62,748.21,603.87,1743.71
"friendster_variance[0, 2]_t0_MP_SAGE_nl20of8_cm4GB",SAGE,1024,256,16,4,"[10, 10, 10]",dryrun,4.0GB,cm4GB,65608366,16795741696,0,0,7,20,20392.67,586.88,12002.8,32982.35
friendster_variance[1]_t0_DP_SAGE_nl20of8_cm5GB,SAGE,1024,256,16,4,"[10, 10, 10]",dryrun,5.0GB,cm5GB,5242880,1342177280,0,0,7,20,267.1,4885.42,343.66,5496.18
friendster_variance[1]_t0_NP_SAGE_nl20of8_cm5GB,SAGE,1024,256,16,4,"[10, 10, 10]",dryrun,5.0GB,cm5GB,5242880,1342177280,0,0,7,20,396.03,708.06,537.45,1641.54
"friendster_variance[0, 2]_t0_MP_SAGE_nl20of8_cm5GB",SAGE,1024,256,16,4,"[10, 10, 10]",dryrun,5.0GB,cm5GB,65608366,16795741696,0,0,7,20,19836.67,586.41,10673.18,31096.26
friendster_variance[1]_t0_DP_SAGE_nl20of8_cm6GB,SAGE,1024,256,16,4,"[10, 10, 10]",dryrun,6.0GB,cm6GB,6291456,1610612736,0,0,7,20,267.17,4886.43,336.04,5489.64
"friendster_variance[1, 2]_t0_NP_SAGE_nl20of8_cm6GB",SAGE,1024,256,16,4,"[10, 10, 10]",dryrun,6.0GB,cm6GB,6291456,1610612736,0,0,7,20,389.64,667.33,717.54,1774.51
"friendster_variance[0, 2]_t0_MP_SAGE_nl20of8_cm6GB",SAGE,1024,256,16,4,"[10, 10, 10]",dryrun,6.0GB,cm6GB,65608366,16795741696,0,0,7,20,20145.85,583.38,11717.06,32446.29
friendster_variance[1]_t0_DP_SAGE_nl20of8_cm7GB,SAGE,1024,256,16,4,"[10, 10, 10]",dryrun,7.0GB,cm7GB,7340032,1879048192,0,0,7,20,263.56,4939.63,340.33,5543.52
friendster_variance[1]_t0_NP_SAGE_nl20of8_cm7GB,SAGE,1024,256,16,4,"[10, 10, 10]",dryrun,7.0GB,cm7GB,7340032,1879048192,0,0,7,20,391.84,651.67,546.4,1589.91
"friendster_variance[0, 2]_t0_MP_SAGE_nl20of8_cm7GB",SAGE,1024,256,16,4,"[10, 10, 10]",dryrun,7.0GB,cm7GB,65608366,16795741696,0,0,7,20,21077.48,592.13,11508.14,33177.75
friendster_variance[1]_t0_DP_SAGE_nl20of8_cm8GB,SAGE,1024,256,16,4,"[10, 10, 10]",dryrun,8.0GB,cm8GB,8388608,2147483648,0,0,7,20,264.05,5055.94,337.83,5657.82
friendster_variance[1]_t0_NP_SAGE_nl20of8_cm8GB,SAGE,1024,256,16,4,"[10, 10, 10]",dryrun,8.0GB,cm8GB,8388608,2147483648,0,0,7,20,391.78,666.48,545.46,1603.73
"friendster_variance[0, 2]_t0_MP_SAGE_nl20of8_cm8GB",SAGE,1024,256,16,4,"[10, 10, 10]",dryrun,8.0GB,cm8GB,65608366,16795741696,0,0,7,20,21005.03,587.52,12385.62,33978.17
friendster_variance[1]_t0_DP_SAGE_nl24of8_cm0GB,SAGE,1024,256,16,4,"[10, 10, 10]",dryrun,0.0GB,cm0GB,0,0,0,0,7,20,261.56,4051.72,332.01,4645.29
friendster_t0_NP_SAGE_nl24of8_cm0GB,SAGE,1024,256,16,4,"[10, 10, 10]",dryrun,0.0GB,cm0GB,0,0,0,0,7,20,394.02,2129.31,540.9,3064.22
"friendster_variance[0, 2]_t0_MP_SAGE_nl24of8_cm0GB",SAGE,1024,256,16,4,"[10, 10, 10]",dryrun,0.0GB,cm0GB,0,0,0,0,7,20,20789.59,12564.31,11072.13,44426.03
friendster_variance[1]_t0_DP_SAGE_nl24of8_cm1GB,SAGE,1024,256,16,4,"[10, 10, 10]",dryrun,1.0GB,cm1GB,1048576,268435456,0,0,7,20,263.88,2429.57,336.02,3029.48
friendster_t0_NP_SAGE_nl24of8_cm1GB,SAGE,1024,256,16,4,"[10, 10, 10]",dryrun,1.0GB,cm1GB,1048576,268435456,0,0,7,20,389.83,1215.04,532.61,2137.49
"friendster_variance[0, 2]_t0_MP_SAGE_nl24of8_cm1GB",SAGE,1024,256,16,4,"[10, 10, 10]",dryrun,1.0GB,cm1GB,33554432,8589934592,0,0,7,20,20706.4,685.77,11213.82,32605.99
friendster_variance[1]_t0_DP_SAGE_nl24of8_cm2GB,SAGE,1024,256,16,4,"[10, 10, 10]",dryrun,2.0GB,cm2GB,2097152,536870912,0,0,7,20,266.47,2590.22,334.98,3191.68
friendster_variance[1]_t0_NP_SAGE_nl24of8_cm2GB,SAGE,1024,256,16,4,"[10, 10, 10]",dryrun,2.0GB,cm2GB,2097152,536870912,0,0,7,20,391.77,967.48,540.9,1900.15
"friendster_variance[0, 2]_t0_MP_SAGE_nl24of8_cm2GB",SAGE,1024,256,16,4,"[10, 10, 10]",dryrun,2.0GB,cm2GB,65608366,16795741696,0,0,7,20,20934.62,584.61,11624.59,33143.81
friendster_variance[1]_t0_DP_SAGE_nl24of8_cm3GB,SAGE,1024,256,16,4,"[10, 10, 10]",dryrun,3.0GB,cm3GB,3145728,805306368,0,0,7,20,268.44,2773.99,332.61,3375.04
friendster_t0_NP_SAGE_nl24of8_cm3GB,SAGE,1024,256,16,4,"[10, 10, 10]",dryrun,3.0GB,cm3GB,3145728,805306368,0,0,7,20,389.44,819.83,533.75,1743.02
"friendster_variance[0, 2]_t0_MP_SAGE_nl24of8_cm3GB",SAGE,1024,256,16,4,"[10, 10, 10]",dryrun,3.0GB,cm3GB,65608366,16795741696,0,0,7,20,19991.43,587.22,11424.38,32003.03
friendster_variance[1]_t0_DP_SAGE_nl24of8_cm4GB,SAGE,1024,256,16,4,"[10, 10, 10]",dryrun,4.0GB,cm4GB,4194304,1073741824,0,0,7,20,266.2,3289.64,338.86,3894.7
friendster_variance[1]_t0_NP_SAGE_nl24of8_cm4GB,SAGE,1024,256,16,4,"[10, 10, 10]",dryrun,4.0GB,cm4GB,4194304,1073741824,0,0,7,20,389.0,747.74,534.94,1671.68
"friendster_variance[0, 2]_t0_MP_SAGE_nl24of8_cm4GB",SAGE,1024,256,16,4,"[10, 10, 10]",dryrun,4.0GB,cm4GB,65608366,16795741696,0,0,7,20,19726.31,587.39,11472.91,31786.62
friendster_variance[1]_t0_DP_SAGE_nl24of8_cm5GB,SAGE,1024,256,16,4,"[10, 10, 10]",dryrun,5.0GB,cm5GB,5242880,1342177280,0,0,7,20,267.64,4326.45,339.81,4933.9
friendster_variance[1]_t0_NP_SAGE_nl24of8_cm5GB,SAGE,1024,256,16,4,"[10, 10, 10]",dryrun,5.0GB,cm5GB,5242880,1342177280,0,0,7,20,392.42,715.52,544.08,1652.02
"friendster_variance[0, 2]_t0_MP_SAGE_nl24of8_cm5GB",SAGE,1024,256,16,4,"[10, 10, 10]",dryrun,5.0GB,cm5GB,65608366,16795741696,0,0,7,20,19525.68,587.0,11003.86,31116.54
friendster_variance[1]_t0_DP_SAGE_nl24of8_cm6GB,SAGE,1024,256,16,4,"[10, 10, 10]",dryrun,6.0GB,cm6GB,6291456,1610612736,0,0,7,20,266.31,4194.39,339.9,4800.61
friendster_variance[1]_t0_NP_SAGE_nl24of8_cm6GB,SAGE,1024,256,16,4,"[10, 10, 10]",dryrun,6.0GB,cm6GB,6291456,1610612736,0,0,7,20,387.75,712.59,530.89,1631.23
"friendster_variance[0, 2]_t0_MP_SAGE_nl24of8_cm6GB",SAGE,1024,256,16,4,"[10, 10, 10]",dryrun,6.0GB,cm6GB,65608366,16795741696,0,0,7,20,20038.56,586.44,11647.09,32272.1
friendster_variance[1]_t0_DP_SAGE_nl24of8_cm7GB,SAGE,1024,256,16,4,"[10, 10, 10]",dryrun,7.0GB,cm7GB,7340032,1879048192,0,0,7,20,266.62,4438.55,341.49,5046.67
friendster_variance[1]_t0_NP_SAGE_nl24of8_cm7GB,SAGE,1024,256,16,4,"[10, 10, 10]",dryrun,7.0GB,cm7GB,7340032,1879048192,0,0,7,20,390.07,620.82,531.8,1542.69
"friendster_variance[0, 2]_t0_MP_SAGE_nl24of8_cm7GB",SAGE,1024,256,16,4,"[10, 10, 10]",dryrun,7.0GB,cm7GB,65608366,16795741696,0,0,7,20,20288.6,590.98,11613.42,32493.0
friendster_variance[1]_t0_DP_SAGE_nl24of8_cm8GB,SAGE,1024,256,16,4,"[10, 10, 10]",dryrun,8.0GB,cm8GB,8388608,2147483648,0,0,7,20,264.61,4485.28,339.47,5089.35
friendster_variance[1]_t0_NP_SAGE_nl24of8_cm8GB,SAGE,1024,256,16,4,"[10, 10, 10]",dryrun,8.0GB,cm8GB,8388608,2147483648,0,0,7,20,391.23,630.15,553.13,1574.51
"friendster_variance[0, 2]_t0_MP_SAGE_nl24of8_cm8GB",SAGE,1024,256,16,4,"[10, 10, 10]",dryrun,8.0GB,cm8GB,65608366,16795741696,0,0,7,20,20945.55,586.58,12068.92,33601.05
friendster_variance[1]_t0_DP_SAGE_nl28of32_cm0GB,SAGE,1024,256,16,4,"[10, 10, 10]",dryrun,0.0GB,cm0GB,0,0,0,0,7,20,267.52,2433.27,330.13,3030.92
friendster_t0_NP_SAGE_nl28of32_cm0GB,SAGE,1024,256,16,4,"[10, 10, 10]",dryrun,0.0GB,cm0GB,0,0,0,0,7,20,386.05,2126.39,531.1,3043.54
"friendster_variance[0, 2]_t0_MP_SAGE_nl28of32_cm0GB",SAGE,1024,256,16,4,"[10, 10, 10]",dryrun,0.0GB,cm0GB,0,0,0,0,7,20,21650.78,12555.24,11059.27,45265.29
friendster_variance[1]_t0_DP_SAGE_nl28of32_cm1GB,SAGE,1024,256,16,4,"[10, 10, 10]",dryrun,1.0GB,cm1GB,1048576,268435456,0,0,7,20,264.48,1978.91,327.36,2570.75
friendster_variance[1]_t0_NP_SAGE_nl28of32_cm1GB,SAGE,1024,256,16,4,"[10, 10, 10]",dryrun,1.0GB,cm1GB,1048576,268435456,0,0,7,20,392.09,1223.99,547.08,2163.15
"friendster_variance[0, 2]_t0_MP_SAGE_nl28of32_cm1GB",SAGE,1024,256,16,4,"[10, 10, 10]",dryrun,1.0GB,cm1GB,33554432,8589934592,0,0,7,20,20644.88,687.4,10989.65,32321.93
friendster_variance[1]_t0_DP_SAGE_nl28of32_cm2GB,SAGE,1024,256,16,4,"[10, 10, 10]",dryrun,2.0GB,cm2GB,2097152,536870912,0,0,7,20,263.13,1796.37,330.59,2390.09
friendster_variance[2]_t0_NP_SAGE_nl28of32_cm2GB,SAGE,1024,256,16,4,"[10, 10, 10]",dryrun,2.0GB,cm2GB,2097152,536870912,0,0,7,20,383.58,966.82,568.75,1919.15
"friendster_variance[0, 2]_t0_MP_SAGE_nl28of32_cm2GB",SAGE,1024,256,16,4,"[10, 10, 10]",dryrun,2.0GB,cm2GB,65608366,16795741696,0,0,7,20,20496.54,589.66,10956.77,32042.97
friendster_variance[1]_t0_DP_SAGE_nl28of32_cm3GB,SAGE,1024,256,16,4,"[10, 10, 10]",dryrun,3.0GB,cm3GB,3145728,805306368,0,0,7,20,262.4,1651.42,327.73,2241.54
friendster_variance[1]_t0_NP_SAGE_nl28of32_cm3GB,SAGE,1024,256,16,4,"[10, 10, 10]",dryrun,3.0GB,cm3GB,3145728,805306368,0,0,7,20,388.43,837.27,539.77,1765.47
"friendster_variance[0, 2]_t0_MP_SAGE_nl28of32_cm3GB",SAGE,1024,256,16,4,"[10, 10, 10]",dryrun,3.0GB,cm3GB,65608366,16795741696,0,0,7,20,19268.42,586.87,11298.67,31153.95
friendster_variance[1]_t0_DP_SAGE_nl28of32_cm4GB,SAGE,1024,256,16,4,"[10, 10, 10]",dryrun,4.0GB,cm4GB,4194304,1073741824,0,0,7,20,261.44,1563.11,325.49,2150.03
friendster_variance[1]_t0_NP_SAGE_nl28of32_cm4GB,SAGE,1024,256,16,4,"[10, 10, 10]",dryrun,4.0GB,cm4GB,4194304,1073741824,0,0,7,20,391.27,727.45,538.4,1657.12
"friendster_variance[0, 2]_t0_MP_SAGE_nl28of32_cm4GB",SAGE,1024,256,16,4,"[10, 10, 10]",dryrun,4.0GB,cm4GB,65608366,16795741696,0,0,7,20,20830.07,589.13,11634.06,33053.26
friendster_variance[1]_t0_DP_SAGE_nl28of32_cm5GB,SAGE,1024,256,16,4,"[10, 10, 10]",dryrun,5.0GB,cm5GB,5242880,1342177280,0,0,7,20,260.77,1437.03,325.01,2022.81
friendster_variance[1]_t0_NP_SAGE_nl28of32_cm5GB,SAGE,1024,256,16,4,"[10, 10, 10]",dryrun,5.0GB,cm5GB,5242880,1342177280,0,0,7,20,392.33,699.33,544.1,1635.76
"friendster_variance[0, 2]_t0_MP_SAGE_nl28of32_cm5GB",SAGE,1024,256,16,4,"[10, 10, 10]",dryrun,5.0GB,cm5GB,65608366,16795741696,0,0,7,20,20518.53,588.51,10701.8,31808.84
friendster_variance[1]_t0_DP_SAGE_nl28of32_cm6GB,SAGE,1024,256,16,4,"[10, 10, 10]",dryrun,6.0GB,cm6GB,6291456,1610612736,0,0,7,20,262.25,1375.81,333.01,1971.06
friendster_variance[1]_t0_NP_SAGE_nl28of32_cm6GB,SAGE,1024,256,16,4,"[10, 10, 10]",dryrun,6.0GB,cm6GB,6291456,1610612736,0,0,7,20,387.98,672.58,540.23,1600.79
"friendster_variance[0, 2]_t0_MP_SAGE_nl28of32_cm6GB",SAGE,1024,256,16,4,"[10, 10, 10]",dryrun,6.0GB,cm6GB,65608366,16795741696,0,0,7,20,20471.95,588.71,11253.72,32314.38
friendster_variance[1]_t0_DP_SAGE_nl28of32_cm7GB,SAGE,1024,256,16,4,"[10, 10, 10]",dryrun,7.0GB,cm7GB,7340032,1879048192,0,0,7,20,265.16,1315.1,329.97,1910.23
"friendster_variance[1, 2]_t0_NP_SAGE_nl28of32_cm7GB",SAGE,1024,256,16,4,"[10, 10, 10]",dryrun,7.0GB,cm7GB,7340032,1879048192,0,0,7,20,394.13,653.09,633.7,1680.91
"friendster_variance[0, 2]_t0_MP_SAGE_nl28of32_cm7GB",SAGE,1024,256,16,4,"[10, 10, 10]",dryrun,7.0GB,cm7GB,65608366,16795741696,0,0,7,20,20524.37,584.68,10917.3,32026.36
friendster_variance[1]_t0_DP_SAGE_nl28of32_cm8GB,SAGE,1024,256,16,4,"[10, 10, 10]",dryrun,8.0GB,cm8GB,8388608,2147483648,0,0,7,20,268.15,1293.55,330.12,1891.82
friendster_variance[1]_t0_NP_SAGE_nl28of32_cm8GB,SAGE,1024,256,16,4,"[10, 10, 10]",dryrun,8.0GB,cm8GB,8388608,2147483648,0,0,7,20,389.18,679.72,532.82,1601.72
"friendster_variance[0, 2]_t0_MP_SAGE_nl28of32_cm8GB",SAGE,1024,256,16,4,"[10, 10, 10]",dryrun,8.0GB,cm8GB,65608366,16795741696,0,0,7,20,20602.43,591.22,11828.93,33022.58
friendster_t0_DP_SAGE_nl32of32_cm0GB,SAGE,1024,256,16,4,"[10, 10, 10]",dryrun,0.0GB,cm0GB,0,0,0,0,7,20,263.69,2227.93,324.43,2816.04
friendster_t0_NP_SAGE_nl32of32_cm0GB,SAGE,1024,256,16,4,"[10, 10, 10]",dryrun,0.0GB,cm0GB,0,0,0,0,7,20,391.52,2118.21,551.27,3061.0
"friendster_variance[0, 2]_t0_MP_SAGE_nl32of32_cm0GB",SAGE,1024,256,16,4,"[10, 10, 10]",dryrun,0.0GB,cm0GB,0,0,0,0,7,20,20107.78,12573.44,10658.79,43340.01
friendster_variance[1]_t0_DP_SAGE_nl32of32_cm1GB,SAGE,1024,256,16,4,"[10, 10, 10]",dryrun,1.0GB,cm1GB,1048576,268435456,0,0,7,20,262.89,1913.69,320.61,2497.19
friendster_variance[2]_t0_NP_SAGE_nl32of32_cm1GB,SAGE,1024,256,16,4,"[10, 10, 10]",dryrun,1.0GB,cm1GB,1048576,268435456,0,0,7,20,383.79,1202.38,570.16,2156.33
friendster_variance[2]_t0_MP_SAGE_nl32of32_cm1GB,SAGE,1024,256,16,4,"[10, 10, 10]",dryrun,1.0GB,cm1GB,33554432,8589934592,0,0,7,20,20933.07,687.21,11602.45,33222.73
friendster_variance[1]_t0_DP_SAGE_nl32of32_cm2GB,SAGE,1024,256,16,4,"[10, 10, 10]",dryrun,2.0GB,cm2GB,2097152,536870912,0,0,7,20,258.24,1729.57,322.1,2309.91
friendster_variance[1]_t0_NP_SAGE_nl32of32_cm2GB,SAGE,1024,256,16,4,"[10, 10, 10]",dryrun,2.0GB,cm2GB,2097152,536870912,0,0,7,20,386.86,958.58,533.01,1878.45
"friendster_variance[0, 2]_t0_MP_SAGE_nl32of32_cm2GB",SAGE,1024,256,16,4,"[10, 10, 10]",dryrun,2.0GB,cm2GB,65608366,16795741696,0,0,7,20,20282.33,584.32,11819.83,32686.48
friendster_variance[1]_t0_DP_SAGE_nl32of32_cm3GB,SAGE,1024,256,16,4,"[10, 10, 10]",dryrun,3.0GB,cm3GB,3145728,805306368,0,0,7,20,262.05,1624.8,321.44,2208.28
friendster_t0_NP_SAGE_nl32of32_cm3GB,SAGE,1024,256,16,4,"[10, 10, 10]",dryrun,3.0GB,cm3GB,3145728,805306368,0,0,7,20,390.79,808.45,548.66,1747.9
"friendster_variance[0, 2]_t0_MP_SAGE_nl32of32_cm3GB",SAGE,1024,256,16,4,"[10, 10, 10]",dryrun,3.0GB,cm3GB,65608366,16795741696,0,0,7,20,20216.53,591.98,10815.61,31624.11
friendster_variance[1]_t0_DP_SAGE_nl32of32_cm4GB,SAGE,1024,256,16,4,"[10, 10, 10]",dryrun,4.0GB,cm4GB,4194304,1073741824,0,0,7,20,266.61,1573.87,322.39,2162.87
"friendster_variance[1, 2]_t0_NP_SAGE_nl32of32_cm4GB",SAGE,1024,256,16,4,"[10, 10, 10]",dryrun,4.0GB,cm4GB,4194304,1073741824,0,0,7,20,392.74,754.1,562.52,1709.36
"friendster_variance[0, 2]_t0_MP_SAGE_nl32of32_cm4GB",SAGE,1024,256,16,4,"[10, 10, 10]",dryrun,4.0GB,cm4GB,65608366,16795741696,0,0,7,20,20326.17,589.62,11391.07,32306.86
friendster_variance[1]_t0_DP_SAGE_nl32of32_cm5GB,SAGE,1024,256,16,4,"[10, 10, 10]",dryrun,5.0GB,cm5GB,5242880,1342177280,0,0,7,20,267.26,1445.02,323.5,2035.77
friendster_variance[1]_t0_NP_SAGE_nl32of32_cm5GB,SAGE,1024,256,16,4,"[10, 10, 10]",dryrun,5.0GB,cm5GB,5242880,1342177280,0,0,7,20,396.34,747.52,548.32,1692.18
"friendster_variance[0, 2]_t0_MP_SAGE_nl32of32_cm5GB",SAGE,1024,256,16,4,"[10, 10, 10]",dryrun,5.0GB,cm5GB,65608366,16795741696,0,0,7,20,22036.98,590.86,12434.17,35062.0
friendster_variance[1]_t0_DP_SAGE_nl32of32_cm6GB,SAGE,1024,256,16,4,"[10, 10, 10]",dryrun,6.0GB,cm6GB,6291456,1610612736,0,0,7,20,261.62,1330.1,323.1,1914.83
"friendster_variance[1, 2]_t0_NP_SAGE_nl32of32_cm6GB",SAGE,1024,256,16,4,"[10, 10, 10]",dryrun,6.0GB,cm6GB,6291456,1610612736,0,0,7,20,388.7,641.25,721.63,1751.58
"friendster_variance[0, 2]_t0_MP_SAGE_nl32of32_cm6GB",SAGE,1024,256,16,4,"[10, 10, 10]",dryrun,6.0GB,cm6GB,65608366,16795741696,0,0,7,20,20738.12,589.0,10976.36,32303.48
friendster_variance[1]_t0_DP_SAGE_nl32of32_cm7GB,SAGE,1024,256,16,4,"[10, 10, 10]",dryrun,7.0GB,cm7GB,7340032,1879048192,0,0,7,20,262.84,1316.18,322.8,1901.81
friendster_variance[1]_t0_NP_SAGE_nl32of32_cm7GB,SAGE,1024,256,16,4,"[10, 10, 10]",dryrun,7.0GB,cm7GB,7340032,1879048192,0,0,7,20,387.83,664.71,544.78,1597.33
"friendster_variance[0, 2]_t0_MP_SAGE_nl32of32_cm7GB",SAGE,1024,256,16,4,"[10, 10, 10]",dryrun,7.0GB,cm7GB,65608366,16795741696,0,0,7,20,21066.08,591.66,11752.24,33409.99
friendster_variance[1]_t0_DP_SAGE_nl32of32_cm8GB,SAGE,1024,256,16,4,"[10, 10, 10]",dryrun,8.0GB,cm8GB,8388608,2147483648,0,0,7,20,256.63,1235.0,319.69,1811.32
"friendster_variance[1, 2]_t0_NP_SAGE_nl32of32_cm8GB",SAGE,1024,256,16,4,"[10, 10, 10]",dryrun,8.0GB,cm8GB,8388608,2147483648,0,0,7,20,390.06,641.0,633.52,1664.58
"friendster_variance[0, 2]_t0_MP_SAGE_nl32of32_cm8GB",SAGE,1024,256,16,4,"[10, 10, 10]",dryrun,8.0GB,cm8GB,65608366,16795741696,0,0,7,20,21168.72,588.04,11238.39,32995.14
"friendster_variance[0, 1]_t0_SP_SAGE_nl8of32_cm0GB",SAGE,1024,256,16,4,"[10, 10, 10]",dryrun,0.0GB,cm0GB,0,0,0,0,7,20,3636.25,5751.0,8661.3,18048.56
"friendster_variance[0, 1]_t0_SP_SAGE_nl8of32_cm1GB",SAGE,1024,256,16,4,"[10, 10, 10]",dryrun,1.0GB,cm1GB,1048576,268435456,0,0,7,20,3431.15,4889.65,8530.77,16851.56
friendster_variance[0]_t0_SP_SAGE_nl8of32_cm2GB,SAGE,1024,256,16,4,"[10, 10, 10]",dryrun,2.0GB,cm2GB,2097152,536870912,0,0,7,20,3059.38,5183.71,8387.35,16630.44
"friendster_variance[0, 1]_t0_SP_SAGE_nl8of32_cm3GB",SAGE,1024,256,16,4,"[10, 10, 10]",dryrun,3.0GB,cm3GB,3145728,805306368,0,0,7,20,3511.24,5165.16,8343.41,17019.81
"friendster_variance[0, 2]_t0_SP_SAGE_nl8of32_cm4GB",SAGE,1024,256,16,4,"[10, 10, 10]",dryrun,4.0GB,cm4GB,4194304,1073741824,0,0,7,20,3210.35,5225.96,8337.06,16773.36
"friendster_variance[0, 1]_t0_SP_SAGE_nl8of32_cm5GB",SAGE,1024,256,16,4,"[10, 10, 10]",dryrun,5.0GB,cm5GB,5242880,1342177280,0,0,7,20,3326.06,5101.83,8556.21,16984.09
"friendster_variance[0, 2]_t0_SP_SAGE_nl8of32_cm6GB",SAGE,1024,256,16,4,"[10, 10, 10]",dryrun,6.0GB,cm6GB,6291456,1610612736,0,0,7,20,3390.14,5400.99,8475.89,17267.03
friendster_variance[0]_t0_SP_SAGE_nl8of32_cm7GB,SAGE,1024,256,16,4,"[10, 10, 10]",dryrun,7.0GB,cm7GB,7340032,1879048192,0,0,7,20,3183.17,4958.76,8794.96,16936.9
"friendster_variance[0, 1]_t0_SP_SAGE_nl8of32_cm8GB",SAGE,1024,256,16,4,"[10, 10, 10]",dryrun,8.0GB,cm8GB,8388608,2147483648,0,0,7,20,2860.06,5028.65,8626.36,16515.06
"friendster_variance[0, 2]_t0_SP_SAGE_nl12of32_cm0GB",SAGE,1024,256,16,4,"[10, 10, 10]",dryrun,0.0GB,cm0GB,0,0,0,0,7,20,3686.3,1755.15,8812.69,14254.13
friendster_variance[0]_t0_SP_SAGE_nl12of32_cm1GB,SAGE,1024,256,16,4,"[10, 10, 10]",dryrun,1.0GB,cm1GB,1048576,268435456,0,0,7,20,3785.18,595.98,8552.24,12933.4
friendster_variance[0]_t0_SP_SAGE_nl12of32_cm2GB,SAGE,1024,256,16,4,"[10, 10, 10]",dryrun,2.0GB,cm2GB,2097152,536870912,0,0,7,20,3487.6,543.02,8619.32,12649.93
friendster_variance[0]_t0_SP_SAGE_nl12of32_cm3GB,SAGE,1024,256,16,4,"[10, 10, 10]",dryrun,3.0GB,cm3GB,3145728,805306368,0,0,7,20,3241.54,538.21,8515.47,12295.23
"friendster_variance[0, 1]_t0_SP_SAGE_nl12of32_cm4GB",SAGE,1024,256,16,4,"[10, 10, 10]",dryrun,4.0GB,cm4GB,4194304,1073741824,0,0,7,20,3359.92,586.52,8858.02,12804.46
"friendster_variance[0, 1]_t0_SP_SAGE_nl12of32_cm5GB",SAGE,1024,256,16,4,"[10, 10, 10]",dryrun,5.0GB,cm5GB,5242880,1342177280,0,0,7,20,3544.61,848.63,8625.47,13018.72
"friendster_variance[0, 1]_t0_SP_SAGE_nl12of32_cm6GB",SAGE,1024,256,16,4,"[10, 10, 10]",dryrun,6.0GB,cm6GB,6291456,1610612736,0,0,7,20,3577.32,1144.77,8707.3,13429.39
"friendster_variance[0, 1, 2]_t0_SP_SAGE_nl12of32_cm7GB",SAGE,1024,256,16,4,"[10, 10, 10]",dryrun,7.0GB,cm7GB,7340032,1879048192,0,0,7,20,2942.3,1083.31,8315.01,12340.62
"friendster_variance[0, 1]_t0_SP_SAGE_nl12of32_cm8GB",SAGE,1024,256,16,4,"[10, 10, 10]",dryrun,8.0GB,cm8GB,8388608,2147483648,0,0,7,20,3371.98,1397.59,8486.33,13255.9
friendster_variance[0]_t0_SP_SAGE_nl16of32_cm0GB,SAGE,1024,256,16,4,"[10, 10, 10]",dryrun,0.0GB,cm0GB,0,0,0,0,7,20,3447.86,1717.17,8513.9,13678.93
friendster_variance[0]_t0_SP_SAGE_nl16of32_cm1GB,SAGE,1024,256,16,4,"[10, 10, 10]",dryrun,1.0GB,cm1GB,1048576,268435456,0,0,7,20,3736.81,549.48,8690.98,12977.26
friendster_variance[0]_t0_SP_SAGE_nl16of32_cm2GB,SAGE,1024,256,16,4,"[10, 10, 10]",dryrun,2.0GB,cm2GB,2097152,536870912,0,0,7,20,3530.67,492.14,8726.47,12749.27
friendster_variance[0]_t0_SP_SAGE_nl16of32_cm3GB,SAGE,1024,256,16,4,"[10, 10, 10]",dryrun,3.0GB,cm3GB,3145728,805306368,0,0,7,20,3664.98,484.66,8727.61,12877.25
friendster_variance[0]_t0_SP_SAGE_nl16of32_cm4GB,SAGE,1024,256,16,4,"[10, 10, 10]",dryrun,4.0GB,cm4GB,4194304,1073741824,0,0,7,20,3304.74,485.17,8706.83,12496.74
"friendster_variance[0, 1]_t0_SP_SAGE_nl16of32_cm5GB",SAGE,1024,256,16,4,"[10, 10, 10]",dryrun,5.0GB,cm5GB,5242880,1342177280,0,0,7,20,3510.42,491.56,8447.25,12449.24
"friendster_variance[0, 1]_t0_SP_SAGE_nl16of32_cm6GB",SAGE,1024,256,16,4,"[10, 10, 10]",dryrun,6.0GB,cm6GB,6291456,1610612736,0,0,7,20,3300.54,504.49,8336.75,12141.78
"friendster_variance[0, 1]_t0_SP_SAGE_nl16of32_cm7GB",SAGE,1024,256,16,4,"[10, 10, 10]",dryrun,7.0GB,cm7GB,7340032,1879048192,0,0,7,20,3363.03,545.03,8612.89,12520.96
"friendster_variance[0, 1]_t0_SP_SAGE_nl16of32_cm8GB",SAGE,1024,256,16,4,"[10, 10, 10]",dryrun,8.0GB,cm8GB,8388608,2147483648,0,0,7,20,3120.27,550.43,8272.91,11943.61
"friendster_variance[0, 2]_t0_SP_SAGE_nl20of32_cm0GB",SAGE,1024,256,16,4,"[10, 10, 10]",dryrun,0.0GB,cm0GB,0,0,0,0,7,20,3662.97,1706.55,8507.86,13877.38
friendster_variance[0]_t0_SP_SAGE_nl20of32_cm1GB,SAGE,1024,256,16,4,"[10, 10, 10]",dryrun,1.0GB,cm1GB,1048576,268435456,0,0,7,20,3480.76,528.45,8613.12,12622.34
friendster_variance[0]_t0_SP_SAGE_nl20of32_cm2GB,SAGE,1024,256,16,4,"[10, 10, 10]",dryrun,2.0GB,cm2GB,2097152,536870912,0,0,7,20,3784.44,478.29,8969.16,13231.89
friendster_variance[0]_t0_SP_SAGE_nl20of32_cm3GB,SAGE,1024,256,16,4,"[10, 10, 10]",dryrun,3.0GB,cm3GB,3145728,805306368,0,0,7,20,3365.47,475.89,8630.67,12472.04
"friendster_variance[0, 2]_t0_SP_SAGE_nl20of32_cm4GB",SAGE,1024,256,16,4,"[10, 10, 10]",dryrun,4.0GB,cm4GB,4194304,1073741824,0,0,7,20,2850.17,475.28,8411.18,11736.64
"friendster_variance[0, 1]_t0_SP_SAGE_nl20of32_cm5GB",SAGE,1024,256,16,4,"[10, 10, 10]",dryrun,5.0GB,cm5GB,5242880,1342177280,0,0,7,20,3544.03,503.73,8164.5,12212.26
"friendster_variance[0, 1]_t0_SP_SAGE_nl20of32_cm6GB",SAGE,1024,256,16,4,"[10, 10, 10]",dryrun,6.0GB,cm6GB,6291456,1610612736,0,0,7,20,3184.61,510.69,8339.67,12034.97
"friendster_variance[0, 1, 2]_t0_SP_SAGE_nl20of32_cm7GB",SAGE,1024,256,16,4,"[10, 10, 10]",dryrun,7.0GB,cm7GB,7340032,1879048192,0,0,7,20,3130.54,489.96,8069.42,11689.92
"friendster_variance[0, 1]_t0_SP_SAGE_nl20of32_cm8GB",SAGE,1024,256,16,4,"[10, 10, 10]",dryrun,8.0GB,cm8GB,8388608,2147483648,0,0,7,20,2944.34,509.09,8166.06,11619.5
"friendster_variance[0, 2]_t0_SP_SAGE_nl24of32_cm0GB",SAGE,1024,256,16,4,"[10, 10, 10]",dryrun,0.0GB,cm0GB,0,0,0,0,7,20,3243.29,1707.35,7989.0,12939.64
friendster_variance[0]_t0_SP_SAGE_nl24of32_cm1GB,SAGE,1024,256,16,4,"[10, 10, 10]",dryrun,1.0GB,cm1GB,1048576,268435456,0,0,7,20,3489.87,520.76,8242.62,12253.26
friendster_variance[0]_t0_SP_SAGE_nl24of32_cm2GB,SAGE,1024,256,16,4,"[10, 10, 10]",dryrun,2.0GB,cm2GB,2097152,536870912,0,0,7,20,3523.02,457.64,8572.86,12553.52
friendster_variance[0]_t0_SP_SAGE_nl24of32_cm3GB,SAGE,1024,256,16,4,"[10, 10, 10]",dryrun,3.0GB,cm3GB,3145728,805306368,0,0,7,20,3705.59,453.45,8842.92,13001.97
"friendster_variance[0, 1, 2]_t0_SP_SAGE_nl24of32_cm4GB",SAGE,1024,256,16,4,"[10, 10, 10]",dryrun,4.0GB,cm4GB,4194304,1073741824,0,0,7,20,3245.02,462.07,8738.27,12445.36
"friendster_variance[0, 1]_t0_SP_SAGE_nl24of32_cm5GB",SAGE,1024,256,16,4,"[10, 10, 10]",dryrun,5.0GB,cm5GB,5242880,1342177280,0,0,7,20,3208.73,473.61,8289.63,11971.97
"friendster_variance[0, 1, 2]_t0_SP_SAGE_nl24of32_cm6GB",SAGE,1024,256,16,4,"[10, 10, 10]",dryrun,6.0GB,cm6GB,6291456,1610612736,0,0,7,20,2832.68,477.2,8244.8,11554.68
"friendster_variance[0, 1, 2]_t0_SP_SAGE_nl24of32_cm7GB",SAGE,1024,256,16,4,"[10, 10, 10]",dryrun,7.0GB,cm7GB,7340032,1879048192,0,0,7,20,3296.13,495.0,8418.16,12209.3
"friendster_variance[0, 1]_t0_SP_SAGE_nl24of32_cm8GB",SAGE,1024,256,16,4,"[10, 10, 10]",dryrun,8.0GB,cm8GB,8388608,2147483648,0,0,7,20,3185.2,490.24,8480.17,12155.6
friendster_variance[0]_t0_SP_SAGE_nl28of32_cm0GB,SAGE,1024,256,16,4,"[10, 10, 10]",dryrun,0.0GB,cm0GB,0,0,0,0,7,20,3192.98,1702.87,8582.26,13478.11
"friendster_variance[0, 2]_t0_SP_SAGE_nl28of32_cm1GB",SAGE,1024,256,16,4,"[10, 10, 10]",dryrun,1.0GB,cm1GB,1048576,268435456,0,0,7,20,3229.13,520.57,8392.74,12142.44
friendster_variance[0]_t0_SP_SAGE_nl28of32_cm2GB,SAGE,1024,256,16,4,"[10, 10, 10]",dryrun,2.0GB,cm2GB,2097152,536870912,0,0,7,20,3547.66,453.45,8651.09,12652.2
friendster_variance[0]_t0_SP_SAGE_nl28of32_cm3GB,SAGE,1024,256,16,4,"[10, 10, 10]",dryrun,3.0GB,cm3GB,3145728,805306368,0,0,7,20,3860.0,456.66,8827.34,13143.99
friendster_variance[0]_t0_SP_SAGE_nl28of32_cm4GB,SAGE,1024,256,16,4,"[10, 10, 10]",dryrun,4.0GB,cm4GB,4194304,1073741824,0,0,7,20,3642.28,455.06,8238.49,12335.82
friendster_variance[0]_t0_SP_SAGE_nl28of32_cm5GB,SAGE,1024,256,16,4,"[10, 10, 10]",dryrun,5.0GB,cm5GB,5242880,1342177280,0,0,7,20,3529.21,453.74,8734.86,12717.81
"friendster_variance[0, 1, 2]_t0_SP_SAGE_nl28of32_cm6GB",SAGE,1024,256,16,4,"[10, 10, 10]",dryrun,6.0GB,cm6GB,6291456,1610612736,0,0,7,20,3197.03,488.16,8504.18,12189.37
"friendster_variance[0, 1]_t0_SP_SAGE_nl28of32_cm7GB",SAGE,1024,256,16,4,"[10, 10, 10]",dryrun,7.0GB,cm7GB,7340032,1879048192,0,0,7,20,3610.9,518.41,8685.71,12815.03
"friendster_variance[0, 1]_t0_SP_SAGE_nl28of32_cm8GB",SAGE,1024,256,16,4,"[10, 10, 10]",dryrun,8.0GB,cm8GB,8388608,2147483648,0,0,7,20,3185.35,519.45,8316.97,12021.77
friendster_variance[0]_t0_SP_SAGE_nl32of32_cm0GB,SAGE,1024,256,16,4,"[10, 10, 10]",dryrun,0.0GB,cm0GB,0,0,0,0,7,20,3252.38,1702.68,8381.92,13336.98
friendster_variance[0]_t0_SP_SAGE_nl32of32_cm1GB,SAGE,1024,256,16,4,"[10, 10, 10]",dryrun,1.0GB,cm1GB,1048576,268435456,0,0,7,20,3582.94,513.97,8617.67,12714.58
friendster_variance[0]_t0_SP_SAGE_nl32of32_cm2GB,SAGE,1024,256,16,4,"[10, 10, 10]",dryrun,2.0GB,cm2GB,2097152,536870912,0,0,7,20,3551.07,450.36,8549.9,12551.34
friendster_variance[0]_t0_SP_SAGE_nl32of32_cm3GB,SAGE,1024,256,16,4,"[10, 10, 10]",dryrun,3.0GB,cm3GB,3145728,805306368,0,0,7,20,2746.62,451.67,8339.47,11537.76
"friendster_variance[0, 1, 2]_t0_SP_SAGE_nl32of32_cm4GB",SAGE,1024,256,16,4,"[10, 10, 10]",dryrun,4.0GB,cm4GB,4194304,1073741824,0,0,7,20,3341.75,465.06,8688.32,12495.14
"friendster_variance[0, 1]_t0_SP_SAGE_nl32of32_cm5GB",SAGE,1024,256,16,4,"[10, 10, 10]",dryrun,5.0GB,cm5GB,5242880,1342177280,0,0,7,20,3100.64,463.8,8437.23,12001.66
"friendster_variance[0, 1]_t0_SP_SAGE_nl32of32_cm6GB",SAGE,1024,256,16,4,"[10, 10, 10]",dryrun,6.0GB,cm6GB,6291456,1610612736,0,0,7,20,3340.05,483.11,8499.88,12323.05
"friendster_variance[0, 1]_t0_SP_SAGE_nl32of32_cm7GB",SAGE,1024,256,16,4,"[10, 10, 10]",dryrun,7.0GB,cm7GB,7340032,1879048192,0,0,7,20,3400.52,529.03,8464.32,12393.87
"friendster_variance[0, 1]_t0_SP_SAGE_nl32of32_cm8GB",SAGE,1024,256,16,4,"[10, 10, 10]",dryrun,8.0GB,cm8GB,8388608,2147483648,0,0,7,20,3072.21,519.57,8251.95,11843.73